単位[MW平均],,,供給力
DATE,TIME,エリア需要,原子力,火力(LNG),火力(石炭),火力(石油),火力(その他),水力,地熱,バイオマス,太陽光発電実績,太陽光出力制御量,風力発電実績,風力出力制御量,揚水,蓄電池,連系線,その他,合計
2026/1/1,0:00,27195,0,11426,6861,415,1729,753,0,449,0,0,98,0,140,0,5190,134,27195
2026/1/1,0:30,26147,0,10177,6861,416,1766,755,0,452,0,0,115,0,120,0,5300,186,26148
2026/1/1,1:00,25638,0,9964,6856,415,1784,727,0,449,0,0,120,0,151,0,4957,214,25637
2026/1/1,1:30,25228,0,9842,6862,414,1784,717,0,449,0,0,120,0,120,0,4696,225,25229
2026/1/1,2:00,24965,0,9734,6863,413,1811,633,0,450,0,0,110,0,120,0,4569,262,24965
2026/1/1,2:30,24820,0,9678,6860,421,1747,668,0,450,0,0,130,0,121,1,4472,272,24820
2026/1/1,3:00,24664,0,9223,6859,432,1798,680,0,451,0,0,119,0,119,0,4693,289,24663
2026/1/1,3:30,24465,0,9028,6860,447,1798,680,0,451,0,0,109,0,120,0,4689,284,24466
2026/1/1,4:00,24433,0,9506,6859,449,1809,681,0,454,0,0,93,0,39,0,4261,281,24432
2026/1/1,4:30,24440,0,9527,6861,449,1796,675,0,450,0,0,102,0,0,0,4335,245,24440
2026/1/1,5:00,24689,0,9549,6862,457,1770,688,0,452,0,0,105,0,117,0,4432,256,24688
2026/1/1,5:30,24888,0,9671,6861,460,1809,676,0,451,0,0,110,0,121,0,4516,213,24888
2026/1/1,6:00,25529,0,10174,6861,460,1821,703,0,452,0,0,92,0,224,0,4496,246,25529
2026/1/1,6:30,26354,0,10836,6860,466,1829,710,0,447,0,0,93,0,252,3,4633,225,26354
2026/1/1,7:00,27073,0,11122,6860,468,1834,714,0,441,79,0,94,0,703,3,4516,240,27074
2026/1/1,7:30,28010,0,11510,6608,468,1852,725,0,440,1194,0,100,0,676,1,4212,224,28010
2026/1/1,8:00,28464,0,10486,5764,469,1825,782,0,434,3018,0,97,0,166,1,5187,234,28463
2026/1/1,8:30,28188,0,9027,4876,468,1830,794,0,437,5090,0,102,0,-160,0,5480,244,28188
2026/1/1,9:00,27613,0,8695,4453,474,1817,784,0,441,7007,0,112,0,-1413,0,5010,235,27615
2026/1/1,9:30,26820,0,8035,3909,475,1794,781,0,437,8670,0,125,0,-1864,0,4198,260,26820
2026/1/1,10:00,26037,0,7480,3546,476,1811,761,0,428,10089,0,133,0,-3002,0,4065,250,26037
2026/1/1,10:30,25573,0,7395,3407,478,1783,675,0,424,11152,0,140,0,-4034,0,3907,245,25572
2026/1/1,11:00,25045,0,7405,3380,482,1807,671,0,423,11711,0,144,0,-4947,0,3705,265,25046
2026/1/1,11:30,24686,0,7564,3378,491,1795,675,0,423,12007,0,136,0,-5728,0,3675,271,24687
2026/1/1,12:00,24611,0,7626,3384,500,1832,665,0,421,11893,0,157,0,-5821,0,3695,259,24611
2026/1/1,12:30,24159,0,7816,3380,501,1791,665,0,421,11281,0,173,0,-5812,0,3692,251,24159
2026/1/1,13:00,23878,0,7925,3378,503,1775,695,0,421,10401,0,162,0,-5384,0,3746,255,23877
2026/1/1,13:30,23729,0,7984,3406,505,1767,690,0,421,9219,0,165,0,-4502,0,3820,255,23730
2026/1/1,14:00,23787,0,8238,3451,511,1794,695,0,422,7663,0,191,0,-3388,0,3953,256,23786
2026/1/1,14:30,24079,0,8827,3716,519,1803,686,0,423,5903,0,201,0,-2168,0,3920,249,24079
2026/1/1,15:00,24618,0,9345,4037,519,1810,699,0,418,3985,0,177,0,-438,1,3828,238,24619
2026/1/1,15:30,25260,0,9780,4622,519,1800,709,0,419,2122,0,167,0,416,2,4465,238,25259
2026/1/1,16:00,26079,0,10055,5746,520,1756,896,0,422,593,0,152,0,626,7,5046,260,26079
2026/1/1,16:30,27610,0,10506,6367,519,1725,908,0,423,2,0,152,0,794,9,5958,247,27610
2026/1/1,17:00,29052,0,11303,6875,519,1762,981,0,425,0,0,145,0,934,16,5828,264,29052
2026/1/1,17:30,29730,0,11789,7234,519,1741,983,0,425,0,0,143,0,1313,20,5308,254,29729
2026/1/1,18:00,30113,0,11100,7427,519,1725,910,0,427,0,0,142,0,1659,15,5932,258,30114
2026/1/1,18:30,30316,0,10850,7436,520,1752,914,0,429,0,0,135,0,1952,20,6040,267,30315
2026/1/1,19:00,30428,0,11279,7430,519,1738,912,0,429,0,0,136,0,2030,14,5689,251,30427
2026/1/1,19:30,30493,0,11467,7429,519,1743,910,0,429,0,0,144,0,1981,15,5598,257,30492
2026/1/1,20:00,30511,0,11803,7429,519,1776,830,0,430,0,0,143,0,1800,9,5502,270,30511
2026/1/1,20:30,30402,0,11912,7225,518,1769,812,0,430,0,0,140,0,1504,9,5828,255,30402
2026/1/1,21:00,30213,0,12569,6975,520,1755,704,0,431,0,0,167,0,1252,4,5571,265,30213
2026/1/1,21:30,29725,0,12495,6993,519,1782,701,0,432,0,0,174,0,745,3,5613,267,29724
2026/1/1,22:00,29080,0,12383,7011,516,1779,687,0,432,0,0,181,0,599,2,5252,239,29081
2026/1/1,22:30,28245,0,12282,7015,514,1766,678,0,428,0,0,178,0,206,2,4928,249,28246
2026/1/1,23:00,27782,0,12088,7010,514,1752,679,0,430,0,0,189,0,114,0,4798,208,27782
2026/1/1,23:30,26802,0,11708,7016,514,1748,672,0,431,0,0,192,0,-142,0,4438,226,26803
2026/1/2,0:00,25813,0,11572,7016,514,1716,723,0,423,0,0,192,0,-652,0,4145,164,25813
2026/1/2,0:30,24797,0,10353,7015,514,1697,730,0,425,0,0,198,0,-688,1,4336,216,24797
2026/1/2,1:00,24442,0,9684,7012,514,1674,724,0,422,0,0,190,0,-688,1,4682,228,24443
2026/1/2,1:30,24164,0,9769,7014,515,1680,725,0,423,0,0,185,0,-687,2,4296,243,24165
2026/1/2,2:00,24088,0,9710,7016,515,1742,647,0,423,0,0,203,0,-688,0,4235,284,24087
2026/1/2,2:30,24087,0,9769,7013,515,1750,655,0,423,0,0,209,0,-687,1,4153,286,24087
2026/1/2,3:00,24028,0,9983,7016,515,1743,666,0,425,0,0,185,0,-686,0,3864,316,24027
2026/1/2,3:30,23924,0,9819,7014,514,1719,669,0,425,0,0,173,0,-516,0,3800,306,23923
2026/1/2,4:00,23968,0,9972,7015,514,1725,705,0,427,0,0,167,0,-403,0,3548,297,23967
2026/1/2,4:30,24043,0,9726,7018,515,1722,695,0,423,0,0,145,0,38,0,3495,265,24042
2026/1/2,5:00,24479,0,9984,7013,515,1736,694,0,426,0,0,142,0,121,1,3585,262,24479
2026/1/2,5:30,24858,0,10048,7016,514,1753,697,0,425,0,0,120,0,333,6,3723,221,24856
2026/1/2,6:00,25808,0,10592,7010,515,1747,695,0,426,0,0,99,0,769,0,3673,281,25807
2026/1/2,6:30,26928,0,10592,7018,518,1782,680,0,426,0,0,88,0,857,0,4713,254,26928
2026/1/2,7:00,28030,0,11563,7014,521,1785,654,0,425,79,0,83,0,922,6,4738,239,28029
2026/1/2,7:30,29320,0,11866,7016,522,1781,660,0,424,861,0,73,0,1114,5,4795,204,29321
2026/1/2,8:00,30123,0,11196,7014,521,1772,735,0,418,1892,0,61,0,1172,0,5106,237,30124
2026/1/2,8:30,30061,0,10898,7015,521,1750,749,0,421,3162,0,58,0,1054,0,4208,226,30062
2026/1/2,9:00,29967,0,10235,6843,519,1763,733,0,421,4615,0,55,0,299,0,4253,231,29967
2026/1/2,9:30,29623,0,9399,6317,513,1739,721,0,421,5989,0,57,0,-6,0,4252,221,29623
2026/1/2,10:00,29133,0,9318,5853,513,1753,628,0,417,7127,0,52,0,-103,0,3346,230,29134
2026/1/2,10:30,28681,0,9454,5416,511,1726,628,0,418,7764,0,55,0,-270,0,2747,230,28679
2026/1/2,11:00,28282,0,9391,5013,512,1729,644,0,419,7862,0,58,0,-379,0,2799,234,28282
2026/1/2,11:30,27966,0,9380,4729,515,1671,645,0,419,7840,0,63,0,-449,0,2910,241,27964
2026/1/2,12:00,27447,0,8476,4537,520,1693,638,0,417,7735,0,69,0,-456,0,3589,229,27447
2026/1/2,12:30,27086,0,8654,4668,522,1707,637,0,417,7658,0,66,0,-458,1,2987,227,27086
2026/1/2,13:00,27113,0,8861,5059,527,1682,647,0,417,7130,0,69,0,-389,0,2886,224,27113
2026/1/2,13:30,27248,0,9481,5398,530,1731,640,0,417,6002,0,67,0,-177,0,2927,232,27248
2026/1/2,14:00,27072,0,9870,5810,532,1731,623,0,417,4487,0,67,0,-175,0,3491,219,27072
2026/1/2,14:30,27317,0,10012,6341,534,1705,615,0,418,3280,0,69,0,-103,0,4233,213,27317
2026/1/2,15:00,27711,0,11310,6927,536,1665,613,0,417,2111,0,70,0,412,0,3427,224,27712
2026/1/2,15:30,28371,0,13371,7016,541,1683,620,0,418,1080,0,86,0,441,1,2901,211,28369
2026/1/2,16:00,29422,0,14858,7010,542,1714,772,0,421,289,0,97,0,660,4,2842,213,29422
2026/1/2,16:30,30865,0,15498,7016,542,1695,780,0,422,2,0,91,0,856,10,3754,200,30866
2026/1/2,17:00,32286,0,16073,7097,541,1717,843,0,424,0,0,101,0,1076,18,4216,181,32287
2026/1/2,17:30,33231,0,16264,7407,542,1742,849,0,424,0,0,116,0,1237,17,4458,174,33230
2026/1/2,18:00,33962,0,17481,7431,542,1742,796,0,426,0,0,158,0,1235,15,3918,219,33963
2026/1/2,18:30,34529,0,16846,7429,543,1713,798,0,428,0,0,168,0,1229,15,5136,224,34529
2026/1/2,19:00,34852,0,16848,7429,542,1737,807,0,428,0,0,196,0,1399,15,5238,212,34851
2026/1/2,19:30,35078,0,16733,7429,541,1725,816,0,428,0,0,204,0,1404,16,5561,220,35077
2026/1/2,20:00,35191,0,17910,7424,541,1735,766,0,429,0,0,205,0,1448,17,4479,236,35190
2026/1/2,20:30,35109,0,17653,7428,541,1721,755,0,429,0,0,194,0,1484,10,4661,234,35110
2026/1/2,21:00,34791,0,17648,7430,541,1727,642,0,430,0,0,233,0,1902,6,3997,235,34791
2026/1/2,21:30,34156,0,16388,7431,542,1702,634,0,431,0,0,227,0,1386,3,5169,243,34156
2026/1/2,22:00,33253,0,16483,7429,538,1722,617,0,431,0,0,208,0,1084,1,4526,214,33253
2026/1/2,22:30,32145,0,15856,7432,536,1713,607,0,427,0,0,206,0,665,0,4480,224,32146
2026/1/2,23:00,31640,0,14747,7432,537,1723,623,0,429,0,0,209,0,811,5,4930,194,31640
2026/1/2,23:30,30359,0,13582,7431,537,1707,617,0,430,0,0,198,0,810,0,4837,210,30359
2026/1/3,0:00,29181,0,13581,7396,538,1745,682,0,411,0,0,184,0,800,4,3676,165,29182
2026/1/3,0:30,27923,0,12523,7273,538,1756,690,0,413,0,0,121,0,790,2,3608,209,27923
2026/1/3,1:00,27538,0,12311,7255,538,1708,673,0,411,0,0,127,0,662,2,3635,216,27538
2026/1/3,1:30,27217,0,12143,7253,539,1702,668,0,411,0,0,182,0,473,3,3607,237,27218
2026/1/3,2:00,27088,0,12068,7255,537,1709,604,0,411,0,0,204,0,448,4,3608,241,27089
2026/1/3,2:30,26990,0,12052,7273,537,1654,614,0,411,0,0,217,0,448,4,3538,243,26991
2026/1/3,3:00,26912,0,11960,7354,537,1655,653,0,413,0,0,214,0,413,2,3473,238,26912
2026/1/3,3:30,26793,0,11817,7388,536,1697,658,0,413,0,0,233,0,109,2,3706,235,26794
2026/1/3,4:00,26856,0,12161,7385,538,1700,660,0,415,0,0,252,0,58,2,3462,223,26856
2026/1/3,4:30,27009,0,12038,7386,538,1724,653,0,411,0,0,251,0,58,2,3763,183,27007
2026/1/3,5:00,27441,0,12215,7383,537,1700,625,0,414,0,0,259,0,214,2,3860,231,27440
2026/1/3,5:30,27873,0,12475,7383,538,1697,625,0,413,0,0,247,0,338,2,3953,203,27874
2026/1/3,6:00,28794,0,12943,7387,538,1635,656,0,413,0,0,197,0,337,2,4444,241,28793
2026/1/3,6:30,29953,0,13233,7383,541,1674,648,0,412,0,0,166,0,431,2,5235,229,29954
2026/1/3,7:00,31095,0,13602,7386,544,1696,645,0,412,82,0,153,0,696,5,5628,246,31095
2026/1/3,7:30,33035,0,13703,7385,543,1702,646,0,411,1460,0,142,0,1044,3,5774,222,33035
2026/1/3,8:00,34651,0,13282,7384,544,1714,733,0,405,3268,0,127,0,1047,3,5893,252,34652
2026/1/3,8:30,35045,0,11618,7381,542,1760,740,0,408,5153,0,131,0,1211,2,5858,240,35044
2026/1/3,9:00,35041,0,9743,7393,543,1773,736,0,409,7121,0,128,0,753,2,6186,253,35040
2026/1/3,9:30,34301,0,8464,7394,543,1753,729,0,409,8849,0,135,0,213,2,5551,260,34302
2026/1/3,10:00,33270,0,9097,7067,543,1718,639,0,405,10258,0,135,0,-1148,2,4299,255,33270
2026/1/3,10:30,32099,0,8945,6889,542,1673,632,0,405,11195,0,139,0,-3663,1,5079,262,32099
2026/1/3,11:00,30839,0,9628,6735,543,1665,642,0,406,11628,0,144,0,-5654,1,4842,258,30838
2026/1/3,11:30,29925,0,9916,6325,543,1668,640,0,405,11885,0,151,0,-6442,2,4566,265,29924
2026/1/3,12:00,29057,0,9954,6062,543,1690,633,0,404,11686,0,167,0,-6528,0,4189,257,29057
2026/1/3,12:30,28214,0,9316,6377,543,1681,637,0,404,11136,0,167,0,-6820,0,4516,257,28214
2026/1/3,13:00,27683,0,9631,6675,544,1741,619,0,405,10324,0,196,0,-6780,0,4067,261,27683
2026/1/3,13:30,27197,0,10155,6672,543,1678,615,0,405,9103,0,187,0,-5687,0,3272,253,27196
2026/1/3,14:00,27025,0,10474,6639,543,1654,615,0,405,7699,0,200,0,-4342,0,2892,245,27024
2026/1/3,14:30,27248,0,10579,6753,542,1663,614,0,406,6056,0,212,0,-2687,10,2863,237,27248
2026/1/3,15:00,27765,0,10420,6788,543,1650,611,0,405,4167,0,233,0,-1306,0,4004,250,27765
2026/1/3,15:30,28541,0,11470,6841,542,1665,614,0,406,2327,0,208,0,-57,0,4275,250,28541
2026/1/3,16:00,29478,0,13205,7052,543,1708,769,0,409,732,0,202,0,0,9,4598,252,29479
2026/1/3,16:30,31022,0,14395,7053,543,1696,780,0,410,4,0,202,0,0,14,5694,231,31022
2026/1/3,17:00,32740,0,16121,7054,544,1686,846,0,411,0,0,224,0,236,18,5357,244,32741
2026/1/3,17:30,33791,0,16661,7051,544,1669,863,0,411,0,0,214,0,635,17,5483,242,33790
2026/1/3,18:00,34304,0,16897,7054,543,1647,824,0,412,0,0,212,0,891,18,5531,275,34304
2026/1/3,18:30,34643,0,17120,6965,544,1676,830,0,413,0,0,216,0,1085,17,5504,274,34644
2026/1/3,19:00,34755,0,17066,6790,544,1696,837,0,413,0,0,214,0,1203,23,5731,236,34753
2026/1/3,19:30,34876,0,17059,6790,544,1657,841,0,413,0,0,208,0,1108,15,5991,250,34876
2026/1/3,20:00,34865,0,16946,6790,543,1646,805,0,414,0,0,213,0,1124,13,6122,248,34864
2026/1/3,20:30,34783,0,16636,6794,543,1653,778,0,414,0,0,228,0,1159,12,6323,243,34783
2026/1/3,21:00,34509,0,16502,6793,544,1645,674,0,415,0,0,242,0,1155,5,6285,248,34508
2026/1/3,21:30,33985,0,16109,6792,544,1650,640,0,415,0,0,251,0,1028,6,6293,256,33984
2026/1/3,22:00,33204,0,15778,6759,537,1643,631,0,415,0,0,246,0,1037,2,5927,230,33205
2026/1/3,22:30,32224,0,15187,6401,529,1668,623,0,411,0,0,248,0,1029,2,5882,244,32224
2026/1/3,23:00,31633,0,14512,6256,528,1733,636,0,414,0,0,295,0,1204,3,5856,196,31633
2026/1/3,23:30,30541,0,13767,6249,528,1708,638,0,414,0,0,292,0,856,3,5866,219,30540
2026/1/4,0:00,29380,0,12842,6214,528,1705,701,0,411,0,0,302,0,874,2,5615,187,29381
2026/1/4,0:30,28108,0,12016,6093,528,1700,710,0,413,0,0,315,0,572,1,5523,237,28108
2026/1/4,1:00,27556,0,12169,6033,529,1688,698,0,410,0,0,309,0,578,2,4908,231,27555
2026/1/4,1:30,27107,0,12228,5944,528,1675,694,0,410,0,0,309,0,476,2,4598,242,27106
2026/1/4,2:00,26878,0,12283,5934,528,1696,624,0,410,0,0,285,0,316,2,4520,280,26878
2026/1/4,2:30,26681,0,12121,5952,528,1685,630,0,411,0,0,303,0,142,2,4624,283,26681
2026/1/4,3:00,26543,0,12020,6073,527,1670,646,0,412,0,0,258,0,128,2,4504,305,26545
2026/1/4,3:30,26318,0,11660,6113,527,1707,647,0,412,0,0,254,0,127,0,4576,295,26318
2026/1/4,4:00,26286,0,11837,6110,528,1688,634,0,415,0,0,240,0,131,0,4398,306,26287
2026/1/4,4:30,26295,0,11622,6113,529,1659,628,0,411,0,0,234,0,127,2,4698,274,26297
2026/1/4,5:00,26729,0,11952,6110,529,1682,642,0,414,0,0,232,0,129,2,4757,279,26728
2026/1/4,5:30,27200,0,12383,6110,528,1705,648,0,413,0,0,236,0,239,0,4687,252,27201
2026/1/4,6:00,28274,0,12855,6111,528,1697,642,0,412,0,0,209,0,736,0,4814,269,28273
2026/1/4,6:30,29565,0,13235,6108,537,1665,636,0,412,0,0,206,0,1214,2,5308,240,29563
2026/1/4,7:00,30741,0,13850,6055,546,1699,674,0,412,83,0,213,0,1477,7,5492,234,30742
2026/1/4,7:30,32181,0,13478,5921,544,1660,660,0,411,1539,0,221,0,1619,4,5904,220,32181
2026/1/4,8:00,32935,0,12460,5848,546,1664,722,0,405,3453,0,215,0,1169,1,6211,241,32935
2026/1/4,8:30,32709,0,10791,5843,545,1702,729,0,408,5426,0,223,0,981,0,5811,249,32708
2026/1/4,9:00,32277,0,9317,5846,545,1694,703,0,409,7321,0,218,0,513,0,5479,231,32276
2026/1/4,9:30,31558,0,8554,5848,545,1693,687,0,409,9010,0,238,0,-414,2,4756,231,31559
2026/1/4,10:00,30801,0,8863,5672,545,1694,591,0,405,10384,0,239,0,-1833,2,4007,233,30802
2026/1/4,10:30,30073,0,9183,5531,545,1735,587,0,405,11387,0,243,0,-3440,1,3652,244,30073
2026/1/4,11:00,29576,0,9532,5417,546,1705,594,0,405,12014,0,235,0,-4620,1,3504,242,29575
2026/1/4,11:30,29137,0,9479,5310,546,1742,592,0,405,12268,0,244,0,-5359,1,3657,251,29136
2026/1/4,12:00,28803,0,9702,5318,550,1730,584,0,405,12158,0,254,0,-6160,0,4011,251,28803
2026/1/4,12:30,28319,0,9507,5316,550,1689,585,0,405,11693,0,264,0,-6261,0,4337,235,28320
2026/1/4,13:00,28004,0,9623,5308,551,1670,587,0,405,10833,0,286,0,-5257,2,3749,247,28004
2026/1/4,13:30,27814,0,9559,5303,550,1686,586,0,406,9655,0,283,0,-4551,1,4089,247,27814
2026/1/4,14:00,27804,0,9605,5304,550,1670,587,0,406,8160,0,283,0,-2730,2,3744,224,27805
2026/1/4,14:30,28113,0,9650,5479,549,1710,584,0,407,6353,0,292,0,-980,2,3842,224,28112
2026/1/4,15:00,28627,0,10960,5585,548,1705,580,0,406,4351,0,265,0,29,0,3963,236,28628
2026/1/4,15:30,29415,0,12059,5633,547,1718,598,0,407,2428,0,262,0,756,0,4777,230,29415
2026/1/4,16:00,30338,0,12643,5844,547,1728,826,0,410,774,0,229,0,965,4,6137,231,30338
2026/1/4,16:30,31912,0,14592,5848,549,1644,841,0,411,5,0,189,0,1308,7,6291,227,31912
2026/1/4,17:00,33664,0,16064,5845,547,1653,885,0,410,0,0,163,0,1644,19,6185,249,33664
2026/1/4,17:30,34831,0,16828,5847,547,1638,892,0,410,0,0,153,0,1973,16,6287,240,34831
2026/1/4,18:00,35341,0,17325,5848,547,1671,817,0,411,0,0,142,0,2014,30,6297,239,35341
2026/1/4,18:30,35587,0,17340,5848,547,1661,811,0,412,0,0,135,0,2290,19,6289,237,35589
2026/1/4,19:00,35735,0,17515,5848,547,1671,812,0,412,0,0,129,0,2266,24,6293,218,35735
2026/1/4,19:30,35670,0,17608,5848,547,1669,797,0,412,0,0,132,0,2098,31,6307,221,35670
2026/1/4,20:00,35571,0,17498,5846,547,1709,747,0,413,0,0,137,0,2183,23,6265,203,35571
2026/1/4,20:30,35368,0,17460,5847,546,1683,734,0,413,0,0,176,0,1971,22,6303,214,35369
2026/1/4,21:00,34844,0,17367,5844,547,1724,616,0,414,0,0,141,0,1715,9,6269,198,34844
2026/1/4,21:30,33901,0,16731,5849,547,1754,614,0,414,0,0,200,0,1328,3,6250,211,33901
2026/1/4,22:00,32951,0,16163,5846,540,1719,605,0,414,0,0,219,0,1401,2,5834,209,32952
2026/1/4,22:30,31656,0,15316,5848,534,1764,594,0,410,0,0,203,0,919,0,5845,223,31656
2026/1/4,23:00,31026,0,14909,5907,534,1740,615,0,413,0,0,213,0,711,0,5793,191,31026
2026/1/4,23:30,29821,0,14092,6000,533,1799,608,0,413,0,0,213,0,93,0,5860,209,29820
2026/1/5,0:00,28695,0,13400,6094,533,1741,693,0,410,0,0,125,0,0,0,5529,170,28695
2026/1/5,0:30,27544,0,12250,6244,534,1717,697,0,413,0,0,143,0,0,0,5325,221,27544
2026/1/5,1:00,27174,0,12786,6359,534,1651,704,0,411,0,0,119,0,0,0,4371,239,27174
2026/1/5,1:30,26928,0,12726,6611,534,1599,694,0,411,0,0,118,0,-220,0,4205,251,26929
2026/1/5,2:00,26818,0,13379,6824,533,1617,607,0,411,0,0,130,0,-1206,0,4270,252,26817
2026/1/5,2:30,26791,0,14555,6842,534,1615,639,0,412,0,0,133,0,-2282,0,4091,252,26791
2026/1/5,3:00,26877,0,14969,6926,534,1603,634,0,413,0,0,166,0,-2541,0,3923,251,26878
2026/1/5,3:30,26873,0,14989,6946,533,1593,633,0,413,0,0,134,0,-2539,0,3932,239,26873
2026/1/5,4:00,27211,0,15103,6944,533,1592,632,0,416,0,0,137,0,-2490,1,4070,272,27210
2026/1/5,4:30,27695,0,14024,6944,532,1580,633,0,412,0,0,121,0,-1413,0,4625,238,27696
2026/1/5,5:00,28978,0,14622,6946,534,1590,848,0,414,0,0,126,0,-922,0,4563,258,28979
2026/1/5,5:30,30451,0,15184,6945,534,1615,844,0,413,0,0,114,0,-361,0,4947,215,30450
2026/1/5,6:00,32976,0,16661,6968,533,1630,982,0,412,0,0,98,0,0,0,5434,258,32976
2026/1/5,6:30,35550,0,19001,6972,541,1641,1014,0,411,0,0,95,0,111,0,5547,216,35549
2026/1/5,7:00,37662,0,19863,6972,547,1593,1404,0,411,80,0,94,0,766,5,5738,190,37663
2026/1/5,7:30,39643,0,20784,6971,548,1607,1409,0,410,1496,0,90,0,887,3,5281,158,39644
2026/1/5,8:00,41065,0,20028,6973,547,1598,1466,0,404,3349,0,82,0,1052,4,5394,169,41066
2026/1/5,8:30,41795,0,20190,6979,546,1575,1479,0,410,5327,0,78,0,345,4,4696,165,41794
2026/1/5,9:00,42787,0,20692,6984,569,1541,1398,0,408,6823,0,70,0,0,4,4121,177,42787
2026/1/5,9:30,42866,0,20247,6985,607,1571,1378,0,408,7069,0,67,0,0,0,4335,199,42866
2026/1/5,10:00,42055,0,19683,6980,606,1530,928,0,408,6703,0,67,0,0,0,4919,230,42054
2026/1/5,10:30,40203,0,17360,6983,606,1552,923,0,408,7213,0,65,0,0,0,4843,250,40203
2026/1/5,11:00,38890,0,15375,6984,606,1567,921,0,406,8738,0,59,0,-688,0,4679,244,38891
2026/1/5,11:30,37937,0,14868,6986,606,1546,923,0,405,10468,0,63,0,-2088,0,3909,252,37938
2026/1/5,12:00,37202,0,14986,6986,607,1537,918,0,408,11472,0,71,0,-3596,0,3572,241,37202
2026/1/5,12:30,36868,0,15018,6986,605,1541,924,0,408,11120,0,72,0,-3783,0,3734,243,36868
2026/1/5,13:00,37363,0,15611,6985,605,1550,919,0,407,10099,0,73,0,-2714,0,3584,244,37363
2026/1/5,13:30,36779,0,15374,6983,610,1537,919,0,406,8771,0,68,0,-1723,0,3594,240,36779
2026/1/5,14:00,36839,0,15037,6977,611,1533,944,0,406,7498,0,66,0,-643,0,4175,235,36839
2026/1/5,14:30,37013,0,16212,6974,612,1571,951,0,407,5725,0,62,0,-73,0,4338,235,37014
2026/1/5,15:00,36853,0,17500,6972,643,1586,998,0,410,3729,0,61,0,0,0,4705,249,36853
2026/1/5,15:30,37273,0,19491,6971,687,1550,1040,0,410,1997,0,61,0,0,12,4811,242,37272
2026/1/5,16:00,37810,0,20655,6973,687,1514,1794,0,413,627,0,77,0,60,10,4751,248,37809
2026/1/5,16:30,38777,0,21869,6972,712,1519,1813,0,416,5,0,90,0,351,16,4779,235,38777
2026/1/5,17:00,39512,0,22273,6971,713,1539,1828,0,420,0,0,108,0,562,18,4843,236,39511
2026/1/5,17:30,39696,0,22531,6974,714,1498,1830,0,419,0,0,114,0,693,13,4685,226,39697
2026/1/5,18:00,39689,0,22448,6972,713,1516,1717,0,421,0,0,142,0,869,12,4654,223,39687
2026/1/5,18:30,39702,0,22538,6973,712,1528,1713,0,422,0,0,158,0,947,10,4483,217,39701
2026/1/5,19:00,39452,0,22353,6973,715,1527,1724,0,422,0,0,181,0,650,11,4693,203,39452
2026/1/5,19:30,39108,0,22354,6971,712,1539,1725,0,422,0,0,179,0,132,3,4855,216,39108
2026/1/5,20:00,38640,0,22186,6972,714,1526,1536,0,423,0,0,194,0,24,5,4840,219,38639
2026/1/5,20:30,38168,0,21502,6971,715,1554,1526,0,423,0,0,202,0,0,3,5040,231,38167
2026/1/5,21:00,37367,0,20706,6973,716,1571,1503,0,423,0,0,250,0,0,0,5014,211,37367
2026/1/5,21:30,36437,0,19655,6973,716,1584,1479,0,423,0,0,258,0,0,0,5117,231,36436
2026/1/5,22:00,35411,0,18683,6971,679,1504,996,0,423,0,0,259,0,0,0,5688,208,35411
2026/1/5,22:30,34123,0,17319,6973,671,1503,977,0,420,0,0,258,0,0,0,5778,224,34123
2026/1/5,23:00,32980,0,16432,6972,672,1511,980,0,422,0,0,327,0,0,0,5473,191,32980
2026/1/5,23:30,31723,0,15229,6972,673,1552,968,0,423,0,0,308,0,0,0,5381,216,31722
2026/1/6,0:00,30461,0,14226,6937,635,1538,787,0,421,0,0,262,0,0,2,5462,192,30462
2026/1/6,0:30,29233,0,13097,6940,591,1546,781,0,417,0,0,221,0,0,0,5371,268,29232
2026/1/6,1:00,28719,0,13081,6938,591,1561,783,0,423,0,0,222,0,-99,0,4931,289,28720
2026/1/6,1:30,28453,0,13060,6937,591,1523,779,0,422,0,0,271,0,-413,0,4950,333,28453
2026/1/6,2:00,28301,0,13214,6941,592,1523,775,0,419,0,0,225,0,-412,0,4671,352,28300
2026/1/6,2:30,28286,0,13194,6936,593,1528,790,0,423,0,0,228,0,-556,2,4797,352,28287
2026/1/6,3:00,28446,0,13173,6935,592,1510,789,0,425,0,0,230,0,-753,2,5193,351,28447
2026/1/6,3:30,28369,0,13126,6938,592,1480,770,0,422,0,0,207,0,-753,2,5247,339,28370
2026/1/6,4:00,28782,0,13292,6937,591,1514,785,0,421,0,0,223,0,-455,1,5148,324,28781
2026/1/6,4:30,29150,0,13740,6935,590,1514,789,0,423,0,0,208,0,-178,0,4837,291,29149
2026/1/6,5:00,30391,0,15057,6938,591,1527,1100,0,419,0,0,176,0,0,0,4209,373,30390
2026/1/6,5:30,31780,0,16431,6937,590,1487,1146,0,422,0,0,182,0,0,0,4250,336,31781
2026/1/6,6:00,34252,0,18225,6936,591,1503,1231,0,421,0,0,155,0,82,0,4759,349,34252
2026/1/6,6:30,36625,0,19931,6934,599,1498,1216,0,420,0,0,161,0,315,0,5238,314,36626
2026/1/6,7:00,38671,0,21585,6937,605,1512,1486,0,420,79,0,168,0,729,10,4802,340,38673
2026/1/6,7:30,40423,0,21747,6936,605,1497,1483,0,415,1477,0,144,0,727,14,5066,312,40423
2026/1/6,8:00,41965,0,21765,6938,606,1411,1422,0,410,3391,0,134,0,519,8,5016,345,41965
2026/1/6,8:30,42597,0,22349,6939,606,1364,1419,0,413,5383,0,130,0,183,1,3469,342,42598
2026/1/6,9:00,42584,0,21206,6935,606,1393,1301,0,410,7229,0,137,0,0,0,3017,352,42586
2026/1/6,9:30,41824,0,17616,6947,605,1462,1287,0,410,8821,0,137,0,0,0,4170,370,41825
2026/1/6,10:00,40874,0,15467,6947,605,1470,781,0,410,10231,0,141,0,-339,0,4775,386,40874
2026/1/6,10:30,40108,0,15068,6946,604,1534,783,0,410,11300,0,146,0,-1216,0,4129,404,40108
2026/1/6,11:00,39489,0,15231,6950,605,1631,785,0,410,12007,0,153,0,-2485,0,3801,400,39488
2026/1/6,11:30,38885,0,15873,6948,605,1619,783,0,410,12288,0,161,0,-3188,0,2981,404,38884
2026/1/6,12:00,37641,0,15249,6948,605,1604,769,0,411,12152,0,205,0,-4135,0,3438,394,37640
2026/1/6,12:30,37007,0,15930,6948,606,1544,765,0,408,11688,0,215,0,-4480,0,2957,423,37004
2026/1/6,13:00,37671,0,16798,6950,605,1486,781,0,410,10872,0,234,0,-3839,0,2961,412,37670
2026/1/6,13:30,37651,0,16429,6947,605,1525,778,0,410,9759,0,254,0,-3092,0,3626,409,37650
2026/1/6,14:00,37694,0,16482,6940,604,1540,787,0,411,8261,0,248,0,-2836,0,4843,415,37695
2026/1/6,14:30,37877,0,17808,6938,623,1545,794,0,412,6461,0,248,0,-2529,0,5164,413,37877
2026/1/6,15:00,38284,0,19138,6935,655,1509,916,0,412,4497,0,263,0,-1947,0,5494,412,38284
2026/1/6,15:30,39184,0,20999,6936,712,1470,951,0,409,2536,0,241,0,-430,4,4947,408,39183
2026/1/6,16:00,40061,0,22833,6935,713,1501,1683,0,414,869,0,246,0,0,17,4449,402,40062
2026/1/6,16:30,41077,0,24785,6935,715,1463,1690,0,415,9,0,230,0,97,14,4336,388,41077
2026/1/6,17:00,41913,0,24955,6936,713,1444,1762,0,419,0,0,210,0,756,18,4320,379,41912
2026/1/6,17:30,42360,0,25565,6937,715,1516,1776,0,418,0,0,193,0,907,23,3941,370,42361
2026/1/6,18:00,42513,0,25370,6938,715,1536,1774,0,420,0,0,200,0,845,20,4333,360,42511
2026/1/6,18:30,42575,0,25227,6936,714,1542,1777,0,420,0,0,168,0,623,19,4795,355,42576
2026/1/6,19:00,42291,0,25338,6937,715,1509,1764,0,420,0,0,154,0,516,11,4581,345,42290
2026/1/6,19:30,41976,0,25061,6936,715,1494,1683,0,421,0,0,150,0,476,4,4679,356,41975
2026/1/6,20:00,41599,0,24921,6936,716,1565,1536,0,422,0,0,153,0,434,10,4552,355,41600
2026/1/6,20:30,41171,0,24473,6937,715,1619,1523,0,422,0,0,142,0,207,0,4767,365,41170
2026/1/6,21:00,40319,0,24245,6935,683,1564,1538,0,419,0,0,127,0,180,0,4308,319,40318
2026/1/6,21:30,39207,0,23390,6940,683,1605,1488,0,419,0,0,118,0,182,0,4042,341,39208
2026/1/6,22:00,38066,0,22893,6936,676,1594,888,0,419,0,0,115,0,181,0,4118,247,38067
2026/1/6,22:30,36666,0,21614,6934,671,1568,866,0,419,0,0,119,0,175,0,4034,265,36665
2026/1/6,23:00,35579,0,21453,6939,670,1555,883,0,422,0,0,120,0,176,0,3063,297,35578
2026/1/6,23:30,34163,0,19868,6935,671,1562,863,0,419,0,0,110,0,12,6,3394,325,34165
2026/1/7,0:00,32756,0,18029,6938,634,1560,755,0,428,0,0,111,0,0,0,4003,297,32755
2026/1/7,0:30,31351,0,16415,6937,590,1581,752,0,424,0,0,101,0,0,1,4199,351,31351
2026/1/7,1:00,30729,0,16179,6936,592,1573,754,0,429,0,0,104,0,-217,0,4034,346,30730
2026/1/7,1:30,30296,0,15979,6935,592,1565,746,0,428,0,0,107,0,-421,0,4003,362,30296
2026/1/7,2:00,29980,0,16721,6937,592,1559,729,0,425,0,0,99,0,-965,0,3520,364,29981
2026/1/7,2:30,29804,0,16920,6938,590,1615,767,0,426,0,0,104,0,-1304,1,3386,362,29805
2026/1/7,3:00,29707,0,16885,6936,590,1601,766,0,427,0,0,87,0,-1338,1,3390,362,29707
2026/1/7,3:30,29628,0,16589,6937,592,1593,761,0,427,0,0,86,0,-1113,2,3403,350,29627
2026/1/7,4:00,29823,0,16299,6937,593,1580,762,0,427,0,0,81,0,-592,1,3388,347,29823
2026/1/7,4:30,30210,0,16855,6935,593,1573,764,0,429,0,0,78,0,-592,0,3264,311,30210
2026/1/7,5:00,31425,0,18028,6937,592,1575,1030,0,428,0,0,71,0,-462,1,2870,355,31425
2026/1/7,5:30,32794,0,19783,6933,591,1590,1044,0,383,0,0,63,0,-297,1,2389,313,32793
2026/1/7,6:00,35196,0,21650,6938,593,1629,1185,0,383,0,0,61,0,0,0,2418,339,35196
2026/1/7,6:30,37731,0,23935,6937,598,1561,1177,0,382,0,0,52,0,22,1,2773,294,37732
2026/1/7,7:00,40242,0,25375,6938,603,1577,1308,0,382,72,0,51,0,843,7,2818,269,40243
2026/1/7,7:30,42371,0,25795,6938,604,1570,1237,0,377,339,0,42,0,1033,9,4192,236,42372
2026/1/7,8:00,44772,0,25969,6938,604,1614,1224,0,373,778,0,39,0,1278,15,5691,248,44771
2026/1/7,8:30,46993,0,26974,6936,604,1632,1227,0,376,1255,0,41,0,2340,11,5355,240,46991
2026/1/7,9:00,48404,0,27002,6935,649,1605,1227,0,375,1628,0,39,0,3329,13,5345,257,48404
2026/1/7,9:30,48845,0,26680,6936,681,1586,1211,0,375,1949,0,41,0,3079,8,6020,278,48844
2026/1/7,10:00,48299,0,26655,6938,684,1573,868,0,375,2126,0,41,0,2468,2,6271,297,48298
2026/1/7,10:30,47671,0,26474,6938,685,1573,864,0,375,2522,0,40,0,1489,3,6390,317,47670
2026/1/7,11:00,47057,0,25728,6938,685,1590,871,0,376,3127,0,39,0,969,4,6429,302,47058
2026/1/7,11:30,46324,0,24731,6935,684,1600,873,0,376,3448,0,43,0,902,2,6419,311,46324
2026/1/7,12:00,44374,0,22707,6935,683,1583,850,0,378,3956,0,48,0,529,2,6381,321,44373
2026/1/7,12:30,43701,0,21547,6941,704,1583,853,0,379,4901,0,50,0,0,2,6422,320,43702
2026/1/7,13:00,44141,0,21554,6937,748,1567,828,0,378,5375,0,52,0,0,2,6388,313,44142
2026/1/7,13:30,44014,0,21572,6941,764,1443,825,0,378,5326,0,50,0,0,2,6405,308,44014
2026/1/7,14:00,43822,0,22189,6935,763,1383,825,0,378,4578,0,49,0,0,2,6403,317,43822
2026/1/7,14:30,42812,0,22403,6938,764,1361,825,0,379,3371,0,52,0,0,2,6395,322,42812
2026/1/7,15:00,42573,0,23337,6938,765,1392,832,0,378,2685,0,51,0,0,0,5897,299,42574
2026/1/7,15:30,43185,0,25168,6937,791,1414,871,0,375,1683,0,40,0,0,0,5608,297,43184
2026/1/7,16:00,43833,0,26347,6936,791,1374,1592,0,380,580,0,47,0,183,17,5284,303,43834
2026/1/7,16:30,44804,0,27527,6936,791,1338,1608,0,378,8,0,53,0,837,22,5020,286,44804
2026/1/7,17:00,45435,0,27132,6936,793,1354,1723,0,383,0,0,71,0,1179,24,5562,278,45435
2026/1/7,17:30,45681,0,27393,6936,794,1396,1739,0,382,0,0,75,0,1058,22,5621,266,45682
2026/1/7,18:00,45723,0,27306,6938,794,1394,1748,0,384,0,0,113,0,1009,15,5750,272,45723
2026/1/7,18:30,45704,0,27232,6937,794,1402,1735,0,385,0,0,118,0,910,14,5911,265,45703
2026/1/7,19:00,45405,0,27135,6934,794,1435,1737,0,385,0,0,127,0,890,15,5693,260,45405
2026/1/7,19:30,45053,0,26842,6939,794,1403,1659,0,385,0,0,132,0,612,7,6009,272,45054
2026/1/7,20:00,44650,0,26389,6937,795,1426,1535,0,386,0,0,137,0,548,2,6222,272,44649
2026/1/7,20:30,44069,0,26124,6937,796,1419,1522,0,386,0,0,141,0,307,3,6150,283,44068
2026/1/7,21:00,43047,0,25183,6980,795,1412,1445,0,383,0,0,142,0,280,7,6179,241,43047
2026/1/7,21:30,41829,0,24219,6984,796,1424,1391,0,383,0,0,147,0,280,2,5944,259,41829
2026/1/7,22:00,40629,0,23916,7083,721,1403,828,0,383,0,0,153,0,280,2,5637,222,40628
2026/1/7,22:30,39040,0,22292,7132,675,1389,803,0,383,0,0,178,0,279,2,5663,244,39040
2026/1/7,23:00,37696,0,21403,7132,639,1394,821,0,385,0,0,185,0,46,2,5411,277,37695
2026/1/7,23:30,36132,0,20261,7132,594,1379,814,0,383,0,0,183,0,0,1,5082,302,36131
2026/1/8,0:00,34756,0,19551,7129,596,1399,826,0,383,0,0,218,0,-3,2,4374,282,34757
2026/1/8,0:30,33377,0,18421,7137,598,1409,828,0,383,0,0,229,0,-508,2,4540,338,33377
2026/1/8,1:00,32897,0,18719,7134,596,1402,843,0,383,0,0,232,0,-1275,2,4518,343,32897
2026/1/8,1:30,32383,0,18724,7133,596,1361,841,0,382,0,0,235,0,-1798,2,4546,361,32383
2026/1/8,2:00,32124,0,18733,7134,597,1385,835,0,378,0,0,210,0,-1868,2,4354,363,32123
2026/1/8,2:30,31983,0,18685,7133,596,1385,848,0,380,0,0,250,0,-1914,2,4258,361,31984
2026/1/8,3:00,31968,0,18627,7132,596,1380,846,0,379,0,0,272,0,-2121,2,4495,361,31969
2026/1/8,3:30,31886,0,18378,7131,598,1392,844,0,376,0,0,293,0,-2118,2,4644,347,31887
2026/1/8,4:00,32221,0,18419,7134,597,1418,842,0,373,0,0,285,0,-1950,2,4719,382,32221
2026/1/8,4:30,32833,0,18273,7174,598,1445,840,0,377,0,0,297,0,-1280,2,4759,348,32833
2026/1/8,5:00,34134,0,18978,7265,597,1433,1055,0,377,0,0,299,0,-607,2,4358,376,34133
2026/1/8,5:30,35697,0,20275,7275,596,1427,1074,0,375,0,0,295,0,0,2,4037,340,35696
2026/1/8,6:00,38492,0,22288,7276,594,1431,1125,0,375,0,0,265,0,0,0,4782,355,38491
2026/1/8,6:30,41228,0,24815,7279,647,1463,1102,0,375,0,0,241,0,574,5,4416,311,41228
2026/1/8,7:00,43197,0,25688,7279,686,1477,1105,0,374,82,0,205,0,1083,13,4914,289,43195
2026/1/8,7:30,44660,0,25190,7275,687,1480,1026,0,374,1564,0,197,0,1152,15,5454,247,44661
2026/1/8,8:00,45600,0,24161,7278,687,1464,1046,0,365,3537,0,189,0,763,11,5814,285,45600
2026/1/8,8:30,45755,0,23973,7279,687,1449,1050,0,368,5550,0,192,0,142,0,4786,280,45756
2026/1/8,9:00,45507,0,22769,7279,687,1453,1042,0,368,7448,0,206,0,0,0,3941,315,45508
2026/1/8,9:30,44516,0,20469,7289,687,1472,1033,0,369,9086,0,211,0,0,2,3561,338,44517
2026/1/8,10:00,43229,0,17048,7288,686,1497,986,0,369,10133,0,221,0,0,0,4639,362,43229
2026/1/8,10:30,42138,0,14999,7287,687,1506,981,0,368,10829,0,229,0,-59,1,4927,382,42137
2026/1/8,11:00,41230,0,14028,7121,686,1514,830,0,369,11411,0,240,0,-828,0,5483,376,41230
2026/1/8,11:30,40485,0,13967,7051,685,1484,831,0,370,11810,0,249,0,-1819,0,5470,387,40485
2026/1/8,12:00,39322,0,12355,7053,686,1483,827,0,370,11946,0,303,0,-2158,0,6096,360,39321
2026/1/8,12:30,38853,0,12324,7049,686,1471,826,0,370,11414,0,297,0,-1985,0,6052,349,38853
2026/1/8,13:00,39988,0,13927,7214,686,1461,827,0,369,10573,0,314,0,-800,0,5090,326,39987
2026/1/8,13:30,40259,0,14336,7286,687,1465,824,0,368,9300,0,316,0,-66,0,5416,327,40259
2026/1/8,14:00,40436,0,15656,7287,706,1471,956,0,368,7737,0,327,0,0,0,5613,315,40436
2026/1/8,14:30,41020,0,18270,7274,736,1453,961,0,368,5945,0,351,0,9,1,5336,315,41019
2026/1/8,15:00,41268,0,20214,7277,765,1520,1235,0,412,3774,0,348,0,124,0,5317,284,41270
2026/1/8,15:30,42143,0,22388,7276,766,1603,1255,0,412,1946,0,357,0,191,2,5666,280,42142
2026/1/8,16:00,43114,0,24573,7276,795,1646,1481,0,412,640,0,374,0,389,5,5254,268,43113
2026/1/8,16:30,44221,0,26042,7275,795,1628,1483,0,411,10,0,382,0,863,20,5061,251,44221
2026/1/8,17:00,45096,0,26144,7308,795,1610,1571,0,412,0,0,392,0,1252,25,5315,273,45097
2026/1/8,17:30,45629,0,26486,7381,795,1587,1589,0,412,0,0,346,0,1577,25,5174,257,45629
2026/1/8,18:00,45844,0,26111,7454,796,1628,1593,0,414,0,0,383,0,1737,25,5451,251,45843
2026/1/8,18:30,45900,0,26083,7516,795,1629,1596,0,414,0,0,337,0,1607,25,5651,248,45901
2026/1/8,19:00,45626,0,26093,7534,796,1594,1603,0,414,0,0,330,0,1495,20,5521,225,45625
2026/1/8,19:30,45275,0,26140,7537,795,1604,1509,0,415,0,0,294,0,1194,12,5531,243,45274
2026/1/8,20:00,44878,0,26309,7537,797,1619,1501,0,416,0,0,240,0,874,8,5336,241,44878
2026/1/8,20:30,44540,0,26202,7535,796,1618,1470,0,416,0,0,271,0,550,1,5415,266,44540
2026/1/8,21:00,43576,0,25677,7537,799,1633,1280,0,412,0,0,278,0,407,7,5300,245,43575
2026/1/8,21:30,42280,0,24648,7536,767,1603,1272,0,413,0,0,250,0,120,4,5398,269,42280
2026/1/8,22:00,40936,0,23979,7537,761,1552,960,0,412,0,0,246,0,82,1,5175,232,40937
2026/1/8,22:30,39436,0,22439,7534,758,1554,953,0,412,0,0,248,0,0,1,5279,258,39436
2026/1/8,23:00,38036,0,21555,7536,722,1596,823,0,414,0,0,253,0,0,0,4855,282,38036
2026/1/8,23:30,36501,0,20362,7534,636,1617,808,0,410,0,0,239,0,0,1,4584,310,36501
2026/1/9,0:00,35048,0,19886,7531,596,1635,769,0,412,0,0,252,0,0,5,3682,280,35048
2026/1/9,0:30,33510,0,18602,7536,597,1684,765,0,412,0,0,244,0,-238,2,3574,332,33510
2026/1/9,1:00,32924,0,18606,7534,597,1685,753,0,412,0,0,245,0,-749,1,3496,345,32925
2026/1/9,1:30,32425,0,18340,7537,596,1680,736,0,412,0,0,245,0,-1314,1,3827,365,32425
2026/1/9,2:00,32149,0,18735,7532,596,1602,736,0,410,0,0,236,0,-1521,2,3453,368,32149
2026/1/9,2:30,32066,0,18825,7532,597,1564,780,0,413,0,0,240,0,-1627,2,3375,367,32068
2026/1/9,3:00,31943,0,18988,7532,597,1578,805,0,414,0,0,223,0,-2074,2,3512,367,31944
2026/1/9,3:30,31942,0,18998,7529,596,1569,801,0,411,0,0,214,0,-2133,2,3602,353,31942
2026/1/9,4:00,32168,0,19020,7530,597,1604,816,0,413,0,0,216,0,-2122,2,3740,353,32169
2026/1/9,4:30,32746,0,19009,7532,596,1574,811,0,414,0,0,208,0,-1407,2,3691,317,32747
2026/1/9,5:00,33965,0,18976,7532,597,1614,1071,0,413,0,0,200,0,-554,2,3771,341,33963
2026/1/9,5:30,35576,0,20035,7534,598,1601,1088,0,413,0,0,190,0,-52,2,3868,299,35576
2026/1/9,6:00,38494,0,21891,7532,595,1594,1105,0,407,0,0,175,0,300,2,4545,348,38494
2026/1/9,6:30,41287,0,24484,7531,646,1600,1088,0,403,0,0,162,0,120,13,4937,303,41287
2026/1/9,7:00,43304,0,26027,7531,686,1633,1087,0,405,84,0,164,0,605,20,4792,270,43304
2026/1/9,7:30,44658,0,26231,7538,686,1640,1012,0,405,1580,0,153,0,766,18,4386,242,44657
2026/1/9,8:00,45510,0,25272,7539,687,1658,1012,0,401,3564,0,151,0,532,15,4418,263,45512
2026/1/9,8:30,45752,0,25251,7536,687,1623,1005,0,401,5630,0,148,0,126,12,3073,260,45752
2026/1/9,9:00,45527,0,23841,7537,686,1643,933,0,395,7592,0,149,0,157,4,2318,273,45528
2026/1/9,9:30,44544,0,21411,7548,687,1647,922,0,394,9306,0,142,0,0,0,2191,295,44543
2026/1/9,10:00,43356,0,17622,7548,686,1652,791,0,394,10692,0,136,0,0,0,3513,323,43357
2026/1/9,10:30,42454,0,14490,7550,686,1635,805,0,394,11742,0,128,0,0,0,4679,346,42455
2026/1/9,11:00,41832,0,12785,7547,684,1644,827,0,396,12392,0,126,0,-521,0,5618,331,41829
2026/1/9,11:30,41043,0,12706,7553,684,1642,829,0,396,12663,0,127,0,-1726,0,5829,341,41044
2026/1/9,12:00,39661,0,11898,7549,685,1630,834,0,396,12614,0,147,0,-2277,0,5845,340,39661
2026/1/9,12:30,38938,0,11742,7544,685,1623,834,0,396,12154,0,157,0,-2299,0,5764,339,38939
2026/1/9,13:00,39541,0,13641,7547,686,1636,835,0,395,11317,0,145,0,-2003,0,5005,337,39541
2026/1/9,13:30,39459,0,13459,7546,685,1655,826,0,394,10134,0,141,0,-1150,0,5436,334,39460
2026/1/9,14:00,39407,0,14073,7548,686,1646,993,0,394,8599,0,136,0,-165,0,5165,331,39406
2026/1/9,14:30,39507,0,16301,7534,705,1685,995,0,395,6784,0,128,0,0,0,4649,330,39506
2026/1/9,15:00,39767,0,18043,7538,749,1681,1441,0,397,4732,0,128,0,0,0,4743,315,39767
2026/1/9,15:30,40538,0,21111,7533,791,1606,1454,0,397,2701,0,111,0,0,0,4523,311,40538
2026/1/9,16:00,41254,0,23865,7535,793,1630,1478,0,399,977,0,95,0,227,4,3941,311,41255
2026/1/9,16:30,42127,0,25657,7535,792,1629,1481,0,399,14,0,94,0,574,11,3680,261,42127
2026/1/9,17:00,43154,0,26205,7533,794,1633,1548,0,401,0,0,90,0,1235,19,3436,261,43155
2026/1/9,17:30,43457,0,26402,7537,795,1611,1561,0,400,0,0,111,0,1333,17,3444,247,43458
2026/1/9,18:00,43494,0,25929,7535,796,1609,1562,0,402,0,0,136,0,1131,19,4126,250,43495
2026/1/9,18:30,43428,0,25662,7536,795,1604,1577,0,403,0,0,136,0,1019,20,4433,245,43430
2026/1/9,19:00,42996,0,25240,7534,797,1609,1560,0,403,0,0,142,0,666,18,4797,231,42997
2026/1/9,19:30,42717,0,25637,7534,795,1597,1471,0,403,0,0,136,0,303,10,4590,241,42717
2026/1/9,20:00,42081,0,25484,7537,797,1596,1444,0,404,0,0,137,0,162,4,4280,236,42081
2026/1/9,20:30,41612,0,25152,7536,796,1555,1433,0,405,0,0,128,0,0,0,4348,259,41612
2026/1/9,21:00,40680,0,24492,7535,766,1556,1421,0,402,0,0,137,0,0,2,4128,242,40681
2026/1/9,21:30,39486,0,23679,7428,765,1544,1402,0,402,0,0,129,0,5,6,3865,261,39486
2026/1/9,22:00,38596,0,23457,7051,761,1549,876,0,402,0,0,134,0,271,0,3865,231,38597
2026/1/9,22:30,37312,0,22906,6907,756,1533,866,0,402,0,0,153,0,273,0,3271,245,37312
2026/1/9,23:00,36315,0,22443,6799,720,1525,859,0,405,0,0,186,0,59,1,3042,275,36314
2026/1/9,23:30,34933,0,21525,6574,673,1440,850,0,402,0,0,183,0,15,0,3112,160,34934
2026/1/10,0:00,33538,0,20749,6449,639,1452,629,0,413,0,0,138,0,227,0,2697,144,33537
2026/1/10,0:30,32332,0,19371,6330,598,1450,630,0,413,0,0,162,0,596,0,2580,202,32332
2026/1/10,1:00,31723,0,18765,6311,596,1466,629,0,414,0,0,172,0,709,0,2408,255,31725
2026/1/10,1:30,31218,0,18418,6310,594,1421,632,0,414,0,0,167,0,430,0,2560,272,31218
2026/1/10,2:00,30815,0,18586,6309,596,1420,627,0,411,0,0,147,0,398,0,2051,271,30816
2026/1/10,2:30,30587,0,18375,6329,596,1443,643,0,413,0,0,164,0,400,0,1951,272,30586
2026/1/10,3:00,30384,0,18032,6448,595,1443,666,0,412,0,0,156,0,182,0,2179,270,30383
2026/1/10,3:30,30127,0,17969,6488,596,1438,661,0,411,0,0,151,0,120,0,2035,258,30127
2026/1/10,4:00,30289,0,17941,6486,596,1446,653,0,410,0,0,170,0,120,0,2221,245,30288
2026/1/10,4:30,30423,0,17634,6488,595,1450,644,0,414,0,0,173,0,119,0,2617,288,30422
2026/1/10,5:00,30806,0,17679,6478,596,1387,693,0,413,0,0,159,0,120,0,2915,366,30806
2026/1/10,5:30,31434,0,18475,6340,597,1405,711,0,414,0,0,149,0,120,0,2896,327,31434
2026/1/10,6:00,32863,0,20327,6198,597,1429,731,0,414,0,0,120,0,306,1,2429,311,32863
2026/1/10,6:30,34458,0,21422,6098,602,1412,726,0,414,0,0,121,0,571,1,2808,282,34457
2026/1/10,7:00,35610,0,22132,6039,606,1407,725,0,412,85,0,120,0,782,14,2978,311,35611
2026/1/10,7:30,37374,0,21940,5983,605,1385,653,0,414,1422,0,114,0,1079,7,3483,288,37373
2026/1/10,8:00,38196,0,20968,5911,606,1384,667,0,412,3302,0,119,0,595,0,3925,306,38195
2026/1/10,8:30,38120,0,18946,5912,607,1398,669,0,411,5618,0,136,0,16,0,4108,301,38122
2026/1/10,9:00,37886,0,16414,5909,605,1451,679,0,411,7630,0,156,0,0,0,4328,303,37886
2026/1/10,9:30,36925,0,12820,5912,605,1452,670,0,411,9341,0,181,0,0,0,5231,302,36925
2026/1/10,10:00,35675,0,10528,5691,604,1451,682,0,410,10777,0,175,0,-30,1,5061,324,35674
2026/1/10,10:30,34693,0,9089,5407,604,1468,675,0,409,11851,0,192,0,-731,0,5388,341,34693
2026/1/10,11:00,33932,0,8960,4982,605,1417,681,0,412,12536,0,205,0,-1744,0,5562,316,33932
2026/1/10,11:30,33281,0,8807,4758,605,1417,679,0,411,12848,0,227,0,-2621,0,5829,321,33281
2026/1/10,12:00,32678,0,8752,4471,603,1425,679,0,410,12799,0,233,0,-2886,0,5893,299,32678
2026/1/10,12:30,31987,0,8601,4400,605,1393,677,0,410,12355,0,255,0,-2883,0,5884,291,31988
2026/1/10,13:00,31831,0,8920,4407,603,1379,667,0,409,11543,0,273,0,-2539,0,5879,289,31830
2026/1/10,13:30,31559,0,9019,4517,604,1419,658,0,409,10368,0,292,0,-1769,2,5753,288,31560
2026/1/10,14:00,31383,0,9492,4762,604,1421,655,0,410,8805,0,293,0,-675,1,5326,287,31381
2026/1/10,14:30,31437,0,10616,5380,604,1430,640,0,410,6929,0,304,0,-311,0,5148,287,31437
2026/1/10,15:00,31853,0,12095,5996,625,1476,657,0,410,4860,0,301,0,-11,0,5149,294,31852
2026/1/10,15:30,32368,0,14605,6177,669,1465,667,0,411,2766,0,341,0,32,2,4950,282,32367
2026/1/10,16:00,32958,0,16865,6393,715,1469,718,0,410,1024,0,367,0,406,7,4264,320,32958
2026/1/10,16:30,33909,0,19045,6445,716,1447,742,0,409,19,0,389,0,414,11,3961,311,33909
2026/1/10,17:00,35341,0,19858,6482,714,1448,953,0,411,0,0,419,0,427,12,4284,333,35341
2026/1/10,17:30,35953,0,20426,6476,714,1439,970,0,411,0,0,418,0,733,19,4025,322,35953
2026/1/10,18:00,36168,0,20119,6478,715,1446,980,0,414,0,0,431,0,909,16,4322,338,36168
2026/1/10,18:30,36232,0,20087,6481,715,1445,964,0,414,0,0,429,0,809,19,4532,338,36233
2026/1/10,19:00,36019,0,19674,6480,715,1478,966,0,415,0,0,430,0,802,15,4702,343,36020
2026/1/10,19:30,35669,0,19452,6478,713,1451,884,0,414,0,0,423,0,761,8,4744,340,35668
2026/1/10,20:00,35183,0,19170,6478,713,1471,852,0,415,0,0,416,0,473,3,4853,339,35183
2026/1/10,20:30,34676,0,18954,6481,713,1460,831,0,416,0,0,405,0,303,2,4754,357,34676
2026/1/10,21:00,33846,0,18072,6481,684,1470,800,0,413,0,0,391,0,303,1,4914,319,33848
2026/1/10,21:30,32756,0,16773,6479,684,1385,787,0,414,0,0,382,0,275,0,5248,329,32756
2026/1/10,22:00,31812,0,16665,6474,678,1408,646,0,414,0,0,382,0,260,2,4580,301,31810
2026/1/10,22:30,30662,0,15614,6475,673,1462,643,0,414,0,0,370,0,258,0,4446,306,30661
2026/1/10,23:00,29884,0,14805,6475,674,1481,641,0,416,0,0,367,0,271,0,4426,328,29884
2026/1/10,23:30,28757,0,13780,6472,674,1438,623,0,413,0,0,340,0,121,4,4547,345,28757
2026/1/11,0:00,27659,0,12812,6438,637,1439,618,0,415,0,0,372,0,9,0,4626,292,27658
2026/1/11,0:30,26635,0,11923,6315,594,1442,613,0,412,0,0,365,0,0,0,4633,338,26635
2026/1/11,1:00,26134,0,11904,6301,595,1446,617,0,412,0,0,356,0,0,0,4153,350,26134
2026/1/11,1:30,25889,0,11763,6294,595,1432,615,0,415,0,0,359,0,61,0,4001,355,25890
2026/1/11,2:00,25663,0,11442,6291,593,1449,604,0,412,0,0,328,0,373,0,3810,361,25663
2026/1/11,2:30,25653,0,11750,6285,595,1448,640,0,412,0,0,334,0,420,1,3414,356,25655
2026/1/11,3:00,25633,0,11303,6287,595,1452,636,0,413,0,0,335,0,414,0,3840,357,25632
2026/1/11,3:30,25466,0,11434,6291,596,1453,632,0,413,0,0,309,0,419,0,3572,348,25467
2026/1/11,4:00,25397,0,11324,6286,597,1497,630,0,413,0,0,315,0,417,0,3563,356,25398
2026/1/11,4:30,25426,0,11212,6285,596,1497,635,0,416,0,0,312,0,419,0,3728,327,25427
2026/1/11,5:00,25522,0,10768,6288,595,1536,700,0,416,0,0,285,0,778,0,3846,308,25520
2026/1/11,5:30,25674,0,10494,6286,596,1503,719,0,416,0,0,296,0,1008,0,4080,275,25673
2026/1/11,6:00,26305,0,10881,6290,596,1477,760,0,417,0,0,284,0,1287,0,3973,340,26305
2026/1/11,6:30,27061,0,10797,6289,603,1480,751,0,417,0,0,306,0,1468,2,4642,305,27060
2026/1/11,7:00,27979,0,11553,6286,604,1450,751,0,416,75,0,319,0,1574,2,4567,381,27978
2026/1/11,7:30,28946,0,12008,6288,608,1420,676,0,416,554,0,322,0,1547,4,4738,365,28946
2026/1/11,8:00,30061,0,12274,6201,606,1441,688,0,414,1297,0,334,0,1023,0,5411,372,30061
2026/1/11,8:30,31177,0,12834,6146,604,1444,689,0,414,2098,0,335,0,998,1,5241,374,31178
2026/1/11,9:00,31550,0,11937,6200,606,1392,687,0,414,3103,0,343,0,1146,2,5373,346,31549
2026/1/11,9:30,31258,0,10299,6119,606,1420,687,0,414,4487,0,348,0,885,2,5642,349,31258
2026/1/11,10:00,30809,0,9394,5830,606,1424,684,0,411,6295,0,369,0,-202,2,5649,347,30809
2026/1/11,10:30,30400,0,8625,5472,606,1446,676,0,411,8006,0,381,0,-1381,1,5792,364,30399
2026/1/11,11:00,30154,0,8306,5433,606,1472,671,0,412,9208,0,386,0,-2363,1,5673,348,30153
2026/1/11,11:30,29616,0,7919,5305,606,1467,668,0,411,9794,0,388,0,-2871,0,5582,347,29616
2026/1/11,12:00,29491,0,8471,5045,606,1460,668,0,409,10117,0,395,0,-3596,0,5572,345,29492
2026/1/11,12:30,29314,0,8515,5042,608,1532,657,0,410,9802,0,395,0,-3703,0,5722,336,29316
2026/1/11,13:00,29322,0,9347,5081,607,1513,659,0,409,8788,0,401,0,-3338,0,5517,338,29322
2026/1/11,13:30,29484,0,10140,5264,608,1507,643,0,408,7425,0,399,0,-2652,0,5404,339,29485
2026/1/11,14:00,29448,0,10241,5861,608,1480,664,0,409,5876,0,402,0,-1296,2,4878,323,29448
2026/1/11,14:30,29776,0,10551,6224,607,1501,663,0,410,4570,0,403,0,-217,1,4741,322,29776
2026/1/11,15:00,29916,0,12071,6411,607,1486,727,0,406,3138,0,392,0,0,0,4350,329,29917
2026/1/11,15:30,30576,0,14172,6431,607,1495,739,0,410,1976,0,404,0,0,0,4013,330,30577
2026/1/11,16:00,31769,0,17285,6431,608,1458,741,0,410,835,0,422,0,0,6,3243,330,31769
2026/1/11,16:30,33306,0,19320,6428,607,1436,743,0,410,22,0,415,0,47,5,3551,322,33306
2026/1/11,17:00,35197,0,21024,6433,606,1432,950,0,410,0,0,422,0,320,5,3255,340,35197
2026/1/11,17:30,36284,0,21903,6444,608,1420,976,0,407,0,0,392,0,319,13,3462,340,36284
2026/1/11,18:00,36935,0,21993,6477,608,1461,964,0,413,0,0,380,0,430,25,3837,347,36935
2026/1/11,18:30,37305,0,22185,6479,607,1447,960,0,414,0,0,365,0,551,25,3919,352,37304
2026/1/11,19:00,37414,0,22652,6479,607,1457,960,0,414,0,0,360,0,439,23,3689,335,37415
2026/1/11,19:30,37437,0,22577,6479,607,1485,884,0,414,0,0,368,0,416,21,3848,339,37438
2026/1/11,20:00,37319,0,22682,6478,606,1431,814,0,416,0,0,355,0,415,19,3784,318,37318
2026/1/11,20:30,37043,0,22567,6483,607,1413,798,0,416,0,0,329,0,357,10,3733,330,37043
2026/1/11,21:00,36590,0,22521,6484,606,1413,788,0,413,0,0,309,0,199,10,3570,277,36590
2026/1/11,21:30,35717,0,21305,6483,606,1445,788,0,413,0,0,289,0,83,8,4016,281,35717
2026/1/11,22:00,34890,0,20944,6485,600,1475,681,0,414,0,0,290,0,21,0,3679,300,34889
2026/1/11,22:30,33796,0,19798,6484,597,1439,655,0,414,0,0,300,0,0,0,3794,316,33797
2026/1/11,23:00,33183,0,18424,6486,598,1463,660,0,416,0,0,268,0,0,0,4562,308,33185
2026/1/11,23:30,32161,0,17431,6485,599,1446,655,0,413,0,0,296,0,0,4,4497,335,32161
2026/1/12,0:00,31096,0,16790,6485,596,1460,654,0,412,0,0,350,0,-9,0,4044,315,31097
2026/1/12,0:30,29981,0,16290,6484,596,1464,652,0,412,0,0,326,0,-704,1,4095,365,29981
2026/1/12,1:00,29621,0,16071,6486,597,1452,650,0,413,0,0,323,0,-1228,2,4500,355,29621
2026/1/12,1:30,29257,0,15958,6485,596,1446,650,0,412,0,0,328,0,-1231,2,4248,364,29258
2026/1/12,2:00,29200,0,15918,6485,597,1420,630,0,412,0,0,311,0,-1375,2,4433,366,29199
2026/1/12,2:30,29026,0,15956,6487,597,1446,638,0,413,0,0,317,0,-1549,2,4352,367,29026
2026/1/12,3:00,29037,0,15941,6484,597,1402,646,0,414,0,0,335,0,-1549,2,4401,364,29037
2026/1/12,3:30,28814,0,15800,6485,596,1441,641,0,414,0,0,319,0,-1545,2,4309,354,28816
2026/1/12,4:00,29057,0,15928,6485,596,1440,626,0,413,0,0,340,0,-1542,2,4424,344,29056
2026/1/12,4:30,29271,0,15847,6485,597,1440,620,0,413,0,0,319,0,-1231,2,4470,309,29271
2026/1/12,5:00,29961,0,15874,6486,596,1420,686,0,412,0,0,339,0,-644,2,4413,377,29961
2026/1/12,5:30,30815,0,16636,6484,595,1429,696,0,413,0,0,346,0,-478,2,4352,340,30815
2026/1/12,6:00,32323,0,17871,6488,597,1444,707,0,414,0,0,334,0,-321,2,4420,369,32325
2026/1/12,6:30,34111,0,19270,6486,602,1462,717,0,414,0,0,354,0,-108,2,4572,342,34113
2026/1/12,7:00,35613,0,20290,6485,609,1390,716,0,413,89,0,360,0,340,5,4581,334,35612
2026/1/12,7:30,37433,0,20287,6486,607,1362,640,0,413,1641,0,347,0,1131,6,4194,319,37433
2026/1/12,8:00,38492,0,18597,6486,606,1399,652,0,409,3617,0,351,0,1546,3,4508,317,38491
2026/1/12,8:30,38697,0,18308,6486,608,1418,650,0,409,5705,0,350,0,691,1,3751,320,38697
2026/1/12,9:00,38420,0,16869,6486,606,1391,637,0,406,7673,0,342,0,468,1,3204,340,38423
2026/1/12,9:30,37912,0,14717,6486,606,1455,629,0,406,9439,0,339,0,358,1,3139,338,37913
2026/1/12,10:00,37195,0,12645,6484,607,1429,582,0,406,10833,0,342,0,34,0,3497,337,37196
2026/1/12,10:30,36364,0,10827,6485,607,1374,586,0,405,11895,0,338,0,0,0,3493,355,36365
2026/1/12,11:00,35894,0,9695,6482,608,1354,591,0,407,12575,0,338,0,-274,0,3768,352,35896
2026/1/12,11:30,35314,0,9618,6482,608,1342,585,0,406,12889,0,341,0,-871,1,3559,354,35314
2026/1/12,12:00,34631,0,9164,6483,609,1358,580,0,404,12826,0,342,0,-1459,0,3977,346,34630
2026/1/12,12:30,33903,0,8850,6486,608,1402,582,0,405,12384,0,348,0,-1656,0,4148,346,33903
2026/1/12,13:00,33880,0,9440,6485,607,1429,599,0,404,11577,0,356,0,-1021,0,3639,365,33880
2026/1/12,13:30,33513,0,9453,6483,608,1475,603,0,404,10417,0,331,0,-681,0,4057,363,33513
2026/1/12,14:00,33524,0,9885,6482,609,1453,610,0,405,8903,0,316,0,-145,0,4648,357,33523
2026/1/12,14:30,33624,0,11995,6486,608,1488,607,0,405,7065,0,305,0,0,0,4312,352,33623
2026/1/12,15:00,34110,0,14626,6482,609,1489,668,0,405,5002,0,282,0,0,0,4203,345,34111
2026/1/12,15:30,34891,0,17464,6486,607,1468,672,0,406,2922,0,288,0,0,0,4232,346,34891
2026/1/12,16:00,35923,0,20401,6486,609,1457,837,0,406,1163,0,271,0,0,5,3936,353,35924
2026/1/12,16:30,37092,0,22918,6486,607,1444,842,0,406,39,0,260,0,211,5,3531,341,37090
2026/1/12,17:00,38887,0,24149,6486,608,1426,914,0,408,0,0,240,0,857,20,3430,347,38885
2026/1/12,17:30,39979,0,24462,6483,607,1418,922,0,408,0,0,240,0,1363,21,3717,337,39978
2026/1/12,18:00,40476,0,24580,6488,607,1407,927,0,412,0,0,191,0,1570,23,3944,327,40476
2026/1/12,18:30,40766,0,24751,6486,607,1391,932,0,414,0,0,197,0,1605,23,4033,327,40766
2026/1/12,19:00,40654,0,24565,6486,608,1371,928,0,413,0,0,242,0,1338,21,4359,324,40655
2026/1/12,19:30,40701,0,24695,6485,608,1379,856,0,413,0,0,252,0,1205,19,4460,331,40703
2026/1/12,20:00,40376,0,24773,6486,608,1396,771,0,415,0,0,222,0,1130,14,4228,332,40375
2026/1/12,20:30,40105,0,24457,6482,607,1457,761,0,415,0,0,256,0,991,9,4327,344,40106
2026/1/12,21:00,39393,0,23742,6486,608,1447,775,0,415,0,0,278,0,866,1,4487,289,39394
2026/1/12,21:30,38282,0,22835,6486,606,1454,765,0,416,0,0,281,0,736,0,4402,300,38281
2026/1/12,22:00,37130,0,22630,6485,601,1453,603,0,417,0,0,269,0,829,0,3569,275,37131
2026/1/12,22:30,35737,0,21248,6487,597,1448,592,0,416,0,0,263,0,457,0,3928,300,35736
2026/1/12,23:00,34781,0,20673,6486,597,1466,597,0,417,0,0,272,0,140,1,3822,311,34782
2026/1/12,23:30,33532,0,19715,6485,598,1462,592,0,417,0,0,273,0,0,0,3658,332,33532
2026/1/13,0:00,32373,0,18976,6484,597,1460,735,0,415,0,0,231,0,0,0,3190,285,32373
2026/1/13,0:30,31200,0,18212,6484,596,1439,734,0,415,0,0,235,0,0,0,2746,339,31200
2026/1/13,1:00,30845,0,18477,6485,598,1403,699,0,413,0,0,239,0,0,0,2203,328,30845
2026/1/13,1:30,30563,0,18182,6484,598,1400,688,0,414,0,0,216,0,0,1,2235,345,30563
2026/1/13,2:00,30441,0,17898,6482,598,1382,683,0,413,0,0,208,0,0,1,2427,347,30439
2026/1/13,2:30,30392,0,17420,6483,597,1409,734,0,416,0,0,235,0,-3,1,2753,346,30391
2026/1/13,3:00,30423,0,17793,6480,597,1383,730,0,418,0,0,222,0,-328,0,2780,346,30421
2026/1/13,3:30,30379,0,17621,6483,598,1396,714,0,413,0,0,204,0,-341,0,2957,333,30378
2026/1/13,4:00,30770,0,17842,6481,598,1381,713,0,417,0,0,197,0,-340,0,3152,330,30771
2026/1/13,4:30,31333,0,18262,6483,599,1376,710,0,417,0,0,195,0,-340,0,3338,292,31332
2026/1/13,5:00,32710,0,18867,6485,598,1385,943,0,416,0,0,200,0,-111,0,3580,348,32711
2026/1/13,5:30,34517,0,20253,6481,599,1376,987,0,417,0,0,226,0,0,1,3864,313,34517
2026/1/13,6:00,37205,0,21774,6483,597,1401,1434,0,416,0,0,220,0,17,0,4514,350,37206
2026/1/13,6:30,40028,0,23653,6481,648,1424,1418,0,412,0,0,229,0,982,9,4464,307,40027
2026/1/13,7:00,42018,0,24144,6484,688,1399,1356,0,414,89,0,260,0,2475,14,4404,290,42017
2026/1/13,7:30,43735,0,24053,6482,689,1368,1340,0,414,1590,0,275,0,2595,13,4668,248,43735
2026/1/13,8:00,45127,0,23663,6481,687,1404,1353,0,410,3562,0,305,0,2120,5,4847,290,45127
2026/1/13,8:30,45440,0,22739,6485,688,1382,1354,0,409,5635,0,284,0,1108,4,5062,289,45439
2026/1/13,9:00,45217,0,21323,6481,688,1374,1205,0,406,7635,0,291,0,504,2,4991,317,45217
2026/1/13,9:30,44000,0,18746,6482,688,1441,1198,0,407,9337,0,294,0,138,2,4928,340,44001
2026/1/13,10:00,42582,0,16717,6480,687,1468,784,0,407,10714,0,327,0,-41,2,4680,358,42583
2026/1/13,10:30,41727,0,15645,6482,689,1460,774,0,410,11727,0,358,0,-918,1,4719,381,41728
2026/1/13,11:00,40979,0,15334,6486,689,1511,785,0,412,12285,0,365,0,-1775,0,4530,358,40980
2026/1/13,11:30,40166,0,15028,6483,695,1490,811,0,411,12413,0,373,0,-2632,0,4731,363,40166
2026/1/13,12:00,38487,0,13739,6483,695,1404,828,0,408,12105,0,386,0,-3165,0,5252,352,38487
2026/1/13,12:30,37718,0,14410,6486,696,1399,840,0,409,11703,0,392,0,-3181,0,4206,357,37717
2026/1/13,13:00,38346,0,15207,6472,727,1402,841,0,407,11019,0,393,0,-2137,1,3694,319,38345
2026/1/13,13:30,37972,0,15437,6471,771,1418,831,0,407,10014,0,362,0,-1518,0,3469,311,37973
2026/1/13,14:00,37792,0,15666,6466,770,1442,818,0,407,8683,0,353,0,-701,0,3570,318,37792
2026/1/13,14:30,37567,0,16179,6466,770,1434,826,0,409,6978,0,340,0,-130,1,3982,312,37567
2026/1/13,15:00,37646,0,17672,6468,771,1445,1194,0,411,5006,0,340,0,-129,0,4181,289,37648
2026/1/13,15:30,38170,0,19646,6463,800,1451,1204,0,412,2921,0,366,0,-11,2,4630,286,38170
2026/1/13,16:00,38678,0,21442,6471,801,1392,1491,0,413,1142,0,400,0,0,7,4801,318,38678
2026/1/13,16:30,39184,0,22411,6477,805,1435,1498,0,413,43,0,398,0,419,17,4965,303,39184
2026/1/13,17:00,39959,0,22517,6476,806,1472,1564,0,415,0,0,404,0,726,28,5235,316,39959
2026/1/13,17:30,40223,0,22984,6478,807,1469,1579,0,416,0,0,407,0,898,29,4855,300,40222
2026/1/13,18:00,40181,0,23100,6478,806,1407,1585,0,420,0,0,414,0,1083,24,4560,304,40181
2026/1/13,18:30,40152,0,22916,6479,806,1387,1585,0,420,0,0,394,0,1071,21,4771,303,40153
2026/1/13,19:00,39590,0,22865,6480,805,1432,1597,0,421,0,0,392,0,746,21,4540,292,39591
2026/1/13,19:30,39174,0,22538,6478,804,1442,1524,0,421,0,0,395,0,547,10,4718,296,39173
2026/1/13,20:00,38660,0,22175,6480,805,1460,1447,0,423,0,0,388,0,545,6,4660,269,38658
2026/1/13,20:30,38240,0,21909,6482,809,1517,1434,0,423,0,0,374,0,527,3,4484,278,38240
2026/1/13,21:00,37333,0,21119,6485,811,1421,1447,0,419,0,0,366,0,532,2,4479,253,37334
2026/1/13,21:30,36271,0,20295,6485,811,1420,1444,0,420,0,0,362,0,532,1,4234,267,36271
2026/1/13,22:00,35469,0,20257,6481,805,1455,1436,0,421,0,0,358,0,282,8,3705,261,35469
2026/1/13,22:30,34339,0,19252,6483,800,1452,1417,0,422,0,0,364,0,92,0,3778,279,34339
2026/1/13,23:00,33267,0,18920,6484,733,1421,1113,0,424,0,0,371,0,0,0,3497,302,33265
2026/1/13,23:30,31833,0,17823,6484,687,1407,1093,0,420,0,0,361,0,0,0,3233,325,31833
2026/1/14,0:00,30613,0,17124,6401,654,1387,811,0,419,0,0,365,0,-65,0,3237,282,30615
2026/1/14,0:30,29375,0,16782,6217,611,1392,809,0,418,0,0,344,0,-693,0,3159,336,29375
2026/1/14,1:00,29012,0,16734,6098,612,1435,808,0,417,0,0,344,0,-814,0,3020,358,29012
2026/1/14,1:30,28715,0,16438,6014,610,1465,816,0,418,0,0,327,0,-924,0,3180,372,28716
2026/1/14,2:00,28636,0,16963,5957,610,1437,795,0,416,0,0,275,0,-908,0,2718,373,28636
2026/1/14,2:30,28679,0,16812,5864,611,1451,805,0,420,0,0,294,0,-532,0,2582,372,28679
2026/1/14,3:00,28794,0,17104,5863,611,1466,806,0,421,0,0,265,0,-531,0,2415,372,28792
2026/1/14,3:30,28869,0,16739,5860,611,1431,796,0,417,0,0,253,0,-291,0,2693,360,28869
2026/1/14,4:00,29299,0,16989,5846,611,1427,800,0,420,0,0,260,0,0,1,2604,342,29300
2026/1/14,4:30,29881,0,17742,5708,611,1414,798,0,420,0,0,260,0,0,2,2621,305,29881
2026/1/14,5:00,31096,0,19085,5625,611,1432,984,0,419,0,0,253,0,0,2,2325,359,31095
2026/1/14,5:30,32522,0,20037,5624,612,1459,1020,0,420,0,0,253,0,0,0,2780,317,32522
2026/1/14,6:00,35018,0,21590,5624,610,1467,1426,0,420,0,0,218,0,251,0,3077,336,35019
2026/1/14,6:30,37430,0,23418,5627,662,1535,1424,0,416,0,0,206,0,437,5,3409,291,37430
2026/1/14,7:00,39186,0,24953,5624,702,1567,1455,0,417,96,0,204,0,719,15,3162,274,39188
2026/1/14,7:30,40563,0,25306,5628,703,1509,1375,0,417,1667,0,194,0,801,13,2702,247,40562
2026/1/14,8:00,41313,0,24823,5628,702,1497,1392,0,413,3669,0,203,0,414,12,2279,279,41311
2026/1/14,8:30,41809,0,24075,5628,703,1497,1382,0,413,5787,0,208,0,124,3,1705,286,41811
2026/1/14,9:00,41853,0,22226,5627,701,1515,1179,0,410,7801,0,233,0,124,0,1743,294,41853
2026/1/14,9:30,41215,0,19062,5628,699,1622,1177,0,411,9495,0,249,0,2,0,2554,318,41217
2026/1/14,10:00,40288,0,17253,5625,698,1594,870,0,411,10779,0,256,0,0,0,2476,325,40287
2026/1/14,10:30,39711,0,15939,5629,690,1617,863,0,411,11744,0,290,0,-12,0,2191,349,39711
2026/1/14,11:00,39283,0,14637,5628,686,1603,853,0,414,12396,0,308,0,-479,0,2904,334,39284
2026/1/14,11:30,38744,0,14485,5627,685,1573,857,0,413,12674,0,316,0,-1799,0,3571,342,38744
2026/1/14,12:00,37391,0,13075,5627,684,1548,861,0,411,12581,0,331,0,-2888,0,4830,330,37390
2026/1/14,12:30,36743,0,12990,5626,704,1548,868,0,411,12231,0,350,0,-3217,0,4900,332,36743
2026/1/14,13:00,37602,0,14841,5622,748,1520,854,0,410,11469,0,354,0,-3215,0,4695,306,37604
2026/1/14,13:30,37625,0,16344,5407,760,1500,853,0,404,10332,0,347,0,-2650,0,4021,307,37625
2026/1/14,14:00,37550,0,17255,5368,754,1512,829,0,405,8846,0,317,0,-1559,0,3514,307,37548
2026/1/14,14:30,37613,0,17854,5368,754,1515,836,0,407,7089,0,317,0,-211,0,3379,307,37615
2026/1/14,15:00,37797,0,19098,5369,753,1493,1208,0,406,5100,0,298,0,0,0,3755,318,37798
2026/1/14,15:30,38670,0,22185,5369,785,1499,1224,0,407,3021,0,286,0,0,1,3579,314,38670
2026/1/14,16:00,39536,0,24181,5362,786,1474,1530,0,407,1241,0,276,0,0,2,3933,345,39537
2026/1/14,16:30,40308,0,26317,5368,786,1544,1553,0,407,57,0,272,0,90,14,3569,331,40308
2026/1/14,17:00,41394,0,26693,5369,785,1489,1640,0,409,0,0,271,0,1002,22,3396,317,41393
2026/1/14,17:30,41730,0,26852,5367,779,1479,1653,0,410,0,0,256,0,1189,23,3423,300,41731
2026/1/14,18:00,41959,0,27362,5369,777,1532,1694,0,415,0,0,235,0,1191,24,3054,307,41960
2026/1/14,18:30,41997,0,26984,5366,779,1510,1696,0,414,0,0,237,0,986,25,3694,307,41998
2026/1/14,19:00,41736,0,26716,5367,780,1557,1626,0,415,0,0,238,0,717,20,4012,288,41736
2026/1/14,19:30,41472,0,26663,5368,779,1542,1540,0,416,0,0,240,0,624,16,3994,291,41473
2026/1/14,20:00,41039,0,26688,5366,779,1534,1463,0,417,0,0,249,0,366,9,3883,285,41039
2026/1/14,20:30,40676,0,26673,5368,780,1504,1435,0,417,0,0,240,0,116,0,3846,298,40677
2026/1/14,21:00,39795,0,26027,5368,778,1502,1409,0,413,0,0,203,0,0,1,3826,269,39796
2026/1/14,21:30,38722,0,25101,5366,777,1517,1399,0,415,0,0,171,0,0,0,3689,286,38721
2026/1/14,22:00,37778,0,24872,5366,773,1504,1138,0,415,0,0,168,0,0,0,3287,255,37778
2026/1/14,22:30,36590,0,23377,5366,769,1496,1122,0,416,0,0,165,0,0,0,3606,273,36590
2026/1/14,23:00,35568,0,22847,5404,700,1505,819,0,418,0,0,232,0,0,0,3349,295,35569
2026/1/14,23:30,34184,0,21347,5478,652,1509,808,0,414,0,0,253,0,0,0,3407,315,34183
2026/1/15,0:00,32874,0,20379,5553,655,1491,815,0,412,0,0,265,0,0,1,3008,295,32874
2026/1/15,0:30,31660,0,19082,5603,656,1460,810,0,408,0,0,266,0,0,2,3025,348,31660
2026/1/15,1:00,31231,0,18733,5606,656,1446,815,0,410,0,0,234,0,0,2,2983,347,31232
2026/1/15,1:30,30954,0,18292,5606,657,1482,815,0,411,0,0,239,0,0,2,3085,364,30953
2026/1/15,2:00,30734,0,18188,5607,657,1465,797,0,409,0,0,234,0,0,2,3014,361,30734
2026/1/15,2:30,30704,0,18361,5606,657,1461,804,0,410,0,0,224,0,-113,2,2936,357,30705
2026/1/15,3:00,30695,0,18450,5608,687,1471,807,0,411,0,0,191,0,-131,1,2839,363,30697
2026/1/15,3:30,30703,0,18332,5606,686,1508,806,0,410,0,0,195,0,-9,2,2820,350,30706
2026/1/15,4:00,31036,0,18601,5608,685,1499,810,0,410,0,0,180,0,0,2,2890,351,31036
2026/1/15,4:30,31431,0,18617,5609,687,1514,816,0,414,0,0,165,0,0,5,3293,311,31431
2026/1/15,5:00,32701,0,19275,5605,685,1507,1010,0,413,0,0,186,0,0,0,3688,331,32700
2026/1/15,5:30,34247,0,20624,5606,689,1503,1030,0,413,0,0,208,0,0,2,3886,286,34247
2026/1/15,6:00,36837,0,22950,5607,685,1497,1249,0,413,0,0,156,0,0,0,3995,286,36838
2026/1/15,6:30,39467,0,26043,5607,738,1508,1234,0,412,0,0,155,0,324,6,3200,239,39466
2026/1/15,7:00,41275,0,26986,5606,777,1492,1234,0,411,99,0,173,0,1047,14,3212,224,41275
2026/1/15,7:30,42795,0,26936,5607,777,1488,1154,0,411,1574,0,192,0,1219,13,3233,191,42795
2026/1/15,8:00,44015,0,26526,5608,777,1505,1166,0,404,3434,0,208,0,1056,9,3089,233,44015
2026/1/15,8:30,44756,0,25803,5606,777,1504,1150,0,401,5580,0,221,0,200,11,3269,233,44755
2026/1/15,9:00,44794,0,24504,5607,778,1513,1010,0,401,7405,0,207,0,0,1,3099,269,44794
2026/1/15,9:30,43560,0,21946,5609,773,1493,1005,0,400,8948,0,202,0,-2,5,2882,299,43560
2026/1/15,10:00,42438,0,18541,5606,774,1518,817,0,402,10586,0,207,0,-65,0,3745,306,42437
2026/1/15,10:30,41865,0,17387,5607,705,1540,817,0,401,11723,0,182,0,-307,0,3479,331,41865
2026/1/15,11:00,41500,0,16631,5605,660,1583,825,0,403,12227,0,164,0,-664,0,3747,319,41500
2026/1/15,11:30,40740,0,15357,5606,660,1501,824,0,402,11991,0,148,0,-991,0,4917,324,40739
2026/1/15,12:00,38931,0,14220,5606,659,1447,838,0,400,11423,0,170,0,-1973,0,5823,317,38930
2026/1/15,12:30,38040,0,14119,5608,659,1391,839,0,396,10778,0,152,0,-2472,0,6255,315,38040
2026/1/15,13:00,39059,0,16279,5607,659,1363,825,0,396,9896,0,142,0,-2478,0,6048,323,39060
2026/1/15,13:30,39274,0,18216,5604,659,1490,820,0,395,8614,0,163,0,-1595,0,4584,324,39274
2026/1/15,14:00,39005,0,19146,5608,659,1572,795,0,393,7078,0,136,0,-482,0,3768,333,39006
2026/1/15,14:30,38967,0,20273,5604,659,1594,820,0,398,5647,0,123,0,0,2,3513,333,38966
2026/1/15,15:00,38696,0,21493,5604,658,1524,1122,0,395,3986,0,149,0,115,0,3343,307,38696
2026/1/15,15:30,39239,0,23475,5607,659,1532,1152,0,396,2424,0,211,0,339,1,3141,302,39239
2026/1/15,16:00,39886,0,24624,5605,659,1495,1284,0,396,1005,0,222,0,514,13,3760,309,39886
2026/1/15,16:30,40537,0,26394,5605,659,1506,1289,0,396,50,0,239,0,1002,17,3084,295,40536
2026/1/15,17:00,41443,0,26414,5604,658,1501,1563,0,398,0,0,285,0,1283,21,3411,305,41443
2026/1/15,17:30,41742,0,26792,5604,657,1465,1583,0,399,0,0,308,0,1323,22,3297,293,41743
2026/1/15,18:00,41707,0,26294,5605,657,1459,1587,0,403,0,0,335,0,1347,22,3685,313,41707
2026/1/15,18:30,41561,0,26004,5607,658,1437,1591,0,403,0,0,354,0,960,19,4218,310,41561
2026/1/15,19:00,41030,0,25365,5606,658,1465,1578,0,404,0,0,365,0,743,14,4541,291,41030
2026/1/15,19:30,40601,0,24904,5606,659,1521,1478,0,404,0,0,368,0,719,9,4635,298,40601
2026/1/15,20:00,40112,0,24707,5607,657,1463,1444,0,405,0,0,369,0,817,3,4372,268,40112
2026/1/15,20:30,39595,0,24102,5605,657,1432,1435,0,405,0,0,365,0,443,2,4869,280,39595
2026/1/15,21:00,38628,0,24110,5606,658,1441,1413,0,405,0,0,399,0,432,5,3914,244,38627
2026/1/15,21:30,37324,0,22697,5606,659,1428,1399,0,406,0,0,419,0,80,1,4378,251,37324
2026/1/15,22:00,36197,0,21827,5605,653,1438,1098,0,404,0,0,430,0,0,3,4474,265,36197
2026/1/15,22:30,34860,0,20950,5606,649,1480,1095,0,408,0,0,415,0,58,0,3922,277,34860
2026/1/15,23:00,33685,0,19931,5662,611,1515,817,0,406,0,0,394,0,273,0,3773,303,33685
2026/1/15,23:30,32258,0,18640,5755,567,1566,794,0,402,0,0,398,0,273,0,3543,320,32258
2026/1/16,0:00,30908,0,18182,5754,568,1597,782,0,364,0,0,426,0,34,0,2919,283,30909
2026/1/16,0:30,29682,0,16903,5756,567,1610,782,0,364,0,0,395,0,0,2,2965,338,29682
